{
    "LaLiga": {
        "averages": {
            "league_home": 1.6098253725927274,
            "league_away": 1.1306442489651127
        },
        "teams": {
            "Girona FC": {
                "id_api": 298,
                "att_h": 0.8616139775431609,
                "def_h": 1.1957943777533462,
                "att_a": 0.8967313206716071,
                "def_a": 0.8561364074478116
            },
            "Rayo Vallecano de Madrid": {
                "id_api": 87,
                "att_h": 0.9070899509590807,
                "def_h": 0.7791453745789118,
                "att_a": 0.5067479103106975,
                "def_a": 1.1049741994737006
            },
            "Villarreal CF": {
                "id_api": 94,
                "att_h": 1.3669327764616213,
                "def_h": 0.8800918108776592,
                "att_a": 1.210719200086058,
                "def_a": 0.8711588611854535
            },
            "Real Oviedo": {
                "id_api": 1048,
                "att_h": 0.41613037215553134,
                "def_h": 0.7969469519390981,
                "att_a": 1.157755206674126,
                "def_a": 1.3456910570741425
            },
            "RCD Mallorca": {
                "id_api": 89,
                "att_h": 1.093895582978623,
                "def_h": 0.9712113551450183,
                "att_a": 0.7379460163730792,
                "def_a": 1.2396141970820875
            },
            "FC Barcelona": {
                "id_api": 81,
                "att_h": 1.8354388990629056,
                "def_h": 0.4758018960025032,
                "att_a": 1.8091174180865135,
                "def_a": 0.6759914103901348
            },
            "Deportivo Alavés": {
                "id_api": 263,
                "att_h": 0.8591622159235394,
                "def_h": 1.1352524533249717,
                "att_a": 1.1838620182418833,
                "def_a": 1.2678638409001681
            },
            "Levante UD": {
                "id_api": 88,
                "att_h": 0.8341790309116579,
                "def_h": 1.0074493972887943,
                "att_a": 0.6959473164514983,
                "def_a": 0.9533852038510697
            },
            "Valencia CF": {
                "id_api": 95,
                "att_h": 0.9641972713430285,
                "def_h": 1.202475091735941,
                "att_a": 0.7810656732622948,
                "def_a": 0.8578833639586361
            },
            "Real Sociedad de Fútbol": {
                "id_api": 92,
                "att_h": 1.2410782726958995,
                "def_h": 1.2840475797834126,
                "att_a": 1.2838067409318743,
                "def_a": 1.1991612662106357
            },
            "RC Celta de Vigo": {
                "id_api": 558,
                "att_h": 0.9675803682097615,
                "def_h": 1.5266799372524116,
                "att_a": 1.116350491629538,
                "def_a": 0.7535910941309122
            },
            "Getafe CF": {
                "id_api": 82,
                "att_h": 0.5387669861615305,
                "def_h": 0.7434473225242306,
                "att_a": 0.7255845307092003,
                "def_a": 0.6199913736457721
            },
            "Athletic Club": {
                "id_api": 77,
                "att_h": 0.7934583283209107,
                "def_h": 1.0953435923717334,
                "att_a": 0.8721560090179834,
                "def_a": 1.2264266205002445
            },
            "Sevilla FC": {
                "id_api": 559,
                "att_h": 0.7462380401442444,
                "def_h": 1.1895492728171637,
                "att_a": 0.8802773375303801,
                "def_a": 1.260475684300919
            },
            "RCD Espanyol de Barcelona": {
                "id_api": 80,
                "att_h": 0.5761873999868978,
                "def_h": 1.1419114058280058,
                "att_a": 0.9275201765246539,
                "def_a": 1.151556505075348
            },
            "Club Atlético de Madrid": {
                "id_api": 78,
                "att_h": 1.3440891971726188,
                "def_h": 0.9682861606227295,
                "att_a": 1.0403725959254904,
                "def_a": 0.9732247028088467
            },
            "Elche CF": {
                "id_api": 285,
                "att_h": 1.072313923641355,
                "def_h": 1.0564930644258674,
                "att_a": 0.9127964125383512,
                "def_a": 1.2551486538438583
            },
            "Real Betis Balompié": {
                "id_api": 90,
                "att_h": 0.940123716057364,
                "def_h": 0.9029977241675402,
                "att_a": 1.157592555634831,
                "def_a": 0.9218595633312191
            },
            "Real Madrid CF": {
                "id_api": 86,
                "att_h": 1.427861277904194,
                "def_h": 0.8388537453988819,
                "att_a": 1.4324712664166743,
                "def_a": 0.6657075034165658
            },
            "CA Osasuna": {
                "id_api": 79,
                "att_h": 1.0854176114751428,
                "def_h": 1.0018198578989352,
                "att_a": 0.6899123469389842,
                "def_a": 0.830505553728369
            }
        }
    },
    "last_update": "2026-04-30 19:21:12",
    "meta": {
        "partidos_con_xg": 0,
        "partidos_sin_xg": 330,
        "xg_weight": 0.6,
        "time_decay_lambda": 0.007
    }
}