{
    "LaLiga": {
        "averages": {
            "league_home": 1.6447449548940944,
            "league_away": 1.157728501265652
        },
        "teams": {
            "Girona FC": {
                "id_api": 298,
                "att_h": 0.8433210500523063,
                "def_h": 1.167819600773051,
                "att_a": 0.8757529157102416,
                "def_a": 0.8379597742548583
            },
            "Rayo Vallecano de Madrid": {
                "id_api": 87,
                "att_h": 0.9857320369469337,
                "def_h": 0.7545166551048804,
                "att_a": 0.8519244854566442,
                "def_a": 1.1208810464456864
            },
            "Villarreal CF": {
                "id_api": 94,
                "att_h": 1.4054295423237795,
                "def_h": 1.0598333615542723,
                "att_a": 1.1933003138704488,
                "def_a": 0.8815547329831492
            },
            "Real Oviedo": {
                "id_api": 1048,
                "att_h": 0.5430550676518038,
                "def_h": 1.0463383718216703,
                "att_a": 1.1495722780938458,
                "def_a": 1.3202884948749587
            },
            "RCD Mallorca": {
                "id_api": 89,
                "att_h": 1.055132957760648,
                "def_h": 1.1128714146326586,
                "att_a": 0.6506064194401898,
                "def_a": 1.3205066529210703
            },
            "FC Barcelona": {
                "id_api": 81,
                "att_h": 1.736591777134405,
                "def_h": 0.7109675671176,
                "att_a": 1.8554249703683856,
                "def_a": 0.7618522331685844
            },
            "Deportivo Alavés": {
                "id_api": 263,
                "att_h": 0.9034760784798452,
                "def_h": 1.1393099135628895,
                "att_a": 1.0562092818472084,
                "def_a": 1.0446005613595855
            },
            "Levante UD": {
                "id_api": 88,
                "att_h": 0.8164685748088332,
                "def_h": 0.9838808200045983,
                "att_a": 0.679666113487203,
                "def_a": 0.9331438813337274
            },
            "Valencia CF": {
                "id_api": 95,
                "att_h": 0.9502819624282637,
                "def_h": 1.0276301631301081,
                "att_a": 0.8933789158992009,
                "def_a": 0.9301391442006961
            },
            "Real Sociedad de Fútbol": {
                "id_api": 92,
                "att_h": 1.2067191989095496,
                "def_h": 1.1040938597256962,
                "att_a": 1.255797965355117,
                "def_a": 1.196211170129428
            },
            "RC Celta de Vigo": {
                "id_api": 558,
                "att_h": 0.9220264338450684,
                "def_h": 1.304991209749866,
                "att_a": 1.170316850340729,
                "def_a": 0.8114956635789807
            },
            "Getafe CF": {
                "id_api": 82,
                "att_h": 0.513230106490674,
                "def_h": 0.7938309852584038,
                "att_a": 0.6661000487051852,
                "def_a": 0.78254364467565
            },
            "Athletic Club": {
                "id_api": 77,
                "att_h": 0.8481707848002377,
                "def_h": 0.969933774925051,
                "att_a": 0.9540839500065202,
                "def_a": 1.1552319470470414
            },
            "Sevilla FC": {
                "id_api": 559,
                "att_h": 0.6969552760151659,
                "def_h": 1.209981406551141,
                "att_a": 0.7431238026340327,
                "def_a": 1.2149783387474753
            },
            "RCD Espanyol de Barcelona": {
                "id_api": 80,
                "att_h": 0.5639543645396794,
                "def_h": 1.1151971834636965,
                "att_a": 0.9058214877151692,
                "def_a": 1.1271078074009768
            },
            "Club Atlético de Madrid": {
                "id_api": 78,
                "att_h": 1.3155528376590127,
                "def_h": 0.945633779995703,
                "att_a": 1.016033803329637,
                "def_a": 0.9525621678630287
            },
            "Elche CF": {
                "id_api": 285,
                "att_h": 1.0495476253176692,
                "def_h": 1.0317771446921835,
                "att_a": 0.891442175936947,
                "def_a": 1.2285005911226852
            },
            "Real Betis Balompié": {
                "id_api": 90,
                "att_h": 0.9350801966114206,
                "def_h": 0.9130097780577261,
                "att_a": 1.2029320740103517,
                "def_a": 0.8792074456773787
            },
            "Real Madrid CF": {
                "id_api": 86,
                "att_h": 1.4740772780543387,
                "def_h": 0.8947867884379034,
                "att_a": 1.3747150621224689,
                "def_a": 0.7416239785997031
            },
            "CA Osasuna": {
                "id_api": 79,
                "att_h": 1.0909237137660834,
                "def_h": 0.8499566084461037,
                "att_a": 0.6801201238495658,
                "def_a": 0.8145014070120661
            }
        }
    },
    "last_update": "2026-04-30 19:27:22",
    "meta": {
        "partidos_con_xg": 183,
        "partidos_sin_xg": 147,
        "xg_weight": 0.6,
        "time_decay_lambda": 0.007
    }
}