{
    "LaLiga": {
        "averages": {
            "league_home": 1.665217938444654,
            "league_away": 1.183072411765103
        },
        "teams": {
            "Girona FC": {
                "id_api": 298,
                "att_h": 0.8689115487643513,
                "def_h": 1.2656543558461102,
                "att_a": 0.9344161097947675,
                "def_a": 0.9451275474408322
            },
            "Rayo Vallecano de Madrid": {
                "id_api": 87,
                "att_h": 1.0393877715436728,
                "def_h": 0.8468087459006614,
                "att_a": 0.8505119060520844,
                "def_a": 1.1237967068986674
            },
            "Villarreal CF": {
                "id_api": 94,
                "att_h": 1.3029136961524597,
                "def_h": 1.0490137980581486,
                "att_a": 1.0500235587957978,
                "def_a": 0.8076280561675717
            },
            "Real Oviedo": {
                "id_api": 1048,
                "att_h": 0.40228802244835626,
                "def_h": 0.7616300396996512,
                "att_a": 1.1064489824274741,
                "def_a": 1.3009273785342925
            },
            "RCD Mallorca": {
                "id_api": 89,
                "att_h": 1.044969017936236,
                "def_h": 1.088037856599258,
                "att_a": 0.6628810252337698,
                "def_a": 1.21119618780162
            },
            "FC Barcelona": {
                "id_api": 81,
                "att_h": 1.7072478104669948,
                "def_h": 0.6981143628734269,
                "att_a": 2.1424898024243633,
                "def_a": 0.8090467921669862
            },
            "Deportivo Alavés": {
                "id_api": 263,
                "att_h": 0.8834804833376447,
                "def_h": 1.041876148045183,
                "att_a": 1.085117354568542,
                "def_a": 1.0567851742558019
            },
            "Levante UD": {
                "id_api": 88,
                "att_h": 0.8064305207405335,
                "def_h": 0.9628040142263955,
                "att_a": 0.665106229427334,
                "def_a": 0.92167136539945
            },
            "Valencia CF": {
                "id_api": 95,
                "att_h": 0.9640753568747729,
                "def_h": 1.0146066205637743,
                "att_a": 1.0148473216471046,
                "def_a": 0.8975114040672754
            },
            "Real Sociedad de Fútbol": {
                "id_api": 92,
                "att_h": 1.1772251042429684,
                "def_h": 1.1211650859450695,
                "att_a": 1.1443801495996333,
                "def_a": 1.2037983776329317
            },
            "RC Celta de Vigo": {
                "id_api": 558,
                "att_h": 0.892468324381491,
                "def_h": 1.3257963228257326,
                "att_a": 1.1060379358917098,
                "def_a": 0.806985827583817
            },
            "Getafe CF": {
                "id_api": 82,
                "att_h": 0.5295233028288173,
                "def_h": 0.797146310264239,
                "att_a": 0.7325661837168556,
                "def_a": 0.8291346860575962
            },
            "Athletic Club": {
                "id_api": 77,
                "att_h": 0.882154427146331,
                "def_h": 0.9238575447189781,
                "att_a": 0.9992675200570016,
                "def_a": 1.102894290862031
            },
            "Sevilla FC": {
                "id_api": 559,
                "att_h": 0.6878989569994117,
                "def_h": 1.2113884963944495,
                "att_a": 0.7177829665899406,
                "def_a": 1.2002835665458096
            },
            "RCD Espanyol de Barcelona": {
                "id_api": 80,
                "att_h": 0.6695864047101814,
                "def_h": 1.164566980472603,
                "att_a": 0.8974802021788388,
                "def_a": 1.1526528240538743
            },
            "Club Atlético de Madrid": {
                "id_api": 78,
                "att_h": 1.3191819762804302,
                "def_h": 0.9140954465780156,
                "att_a": 0.9045977137795467,
                "def_a": 1.0267953332487816
            },
            "Elche CF": {
                "id_api": 285,
                "att_h": 1.0941598653255058,
                "def_h": 1.3622356701821114,
                "att_a": 0.8988603927937164,
                "def_a": 1.190391952234463
            },
            "Real Betis Balompié": {
                "id_api": 90,
                "att_h": 1.0339488054156554,
                "def_h": 0.8915039036939527,
                "att_a": 1.0132269010957868,
                "def_a": 0.8838960776588926
            },
            "Real Madrid CF": {
                "id_api": 86,
                "att_h": 1.420255953594742,
                "def_h": 0.8477957817169935,
                "att_a": 1.421071904313575,
                "def_a": 0.6981089020742017
            },
            "CA Osasuna": {
                "id_api": 79,
                "att_h": 1.146994501473721,
                "def_h": 0.8650048648261445,
                "att_a": 0.7565921981507842,
                "def_a": 0.877606276322949
            }
        }
    },
    "last_update": "2026-05-01 03:31:42",
    "meta": {
        "partidos_con_xg": 266,
        "partidos_sin_xg": 0,
        "partidos_sin_understat": 64,
        "xg_weight": 0.6,
        "time_decay_lambda": 0.007
    }
}