{
    "LaLiga": {
        "averages": {
            "league_home": 1.6098253725927274,
            "league_away": 1.1248681466297272
        },
        "teams": {
            "Girona FC": {
                "id_api": 298,
                "att_h": 0.8616139775431609,
                "def_h": 1.2019346802578454,
                "att_a": 0.9013359597940354,
                "def_a": 0.8561364074478116
            },
            "Rayo Vallecano de Madrid": {
                "id_api": 87,
                "att_h": 0.9070899509590807,
                "def_h": 0.7831462198612624,
                "att_a": 0.5093500177638841,
                "def_a": 1.1049741994737006
            },
            "Villarreal CF": {
                "id_api": 94,
                "att_h": 1.3669327764616213,
                "def_h": 0.8846110075314138,
                "att_a": 1.1244906560325747,
                "def_a": 0.8711588611854535
            },
            "Real Oviedo": {
                "id_api": 1048,
                "att_h": 0.41613037215553134,
                "def_h": 0.8010392068083162,
                "att_a": 1.163700181267914,
                "def_a": 1.3456910570741425
            },
            "RCD Mallorca": {
                "id_api": 89,
                "att_h": 1.093895582978623,
                "def_h": 0.9761984429147395,
                "att_a": 0.7417353064523938,
                "def_a": 1.2396141970820875
            },
            "FC Barcelona": {
                "id_api": 81,
                "att_h": 1.8354388990629056,
                "def_h": 0.47824509830218176,
                "att_a": 1.8184070822795169,
                "def_a": 0.6759914103901348
            },
            "Deportivo Alavés": {
                "id_api": 263,
                "att_h": 0.8591622159235394,
                "def_h": 1.141081878192721,
                "att_a": 1.1899410490943696,
                "def_a": 1.2678638409001681
            },
            "Levante UD": {
                "id_api": 88,
                "att_h": 0.8341790309116579,
                "def_h": 1.0126225643252131,
                "att_a": 0.6995209467759989,
                "def_a": 0.9533852038510697
            },
            "Valencia CF": {
                "id_api": 95,
                "att_h": 0.9641972713430285,
                "def_h": 1.2086496991389766,
                "att_a": 0.785076379115187,
                "def_a": 0.8578833639586361
            },
            "Real Sociedad de Fútbol": {
                "id_api": 92,
                "att_h": 1.2410782726958995,
                "def_h": 1.2906410549800877,
                "att_a": 1.2903989794415147,
                "def_a": 1.1991612662106357
            },
            "RC Celta de Vigo": {
                "id_api": 558,
                "att_h": 0.9675803682097615,
                "def_h": 1.5345193089844413,
                "att_a": 1.122082856530375,
                "def_a": 0.7535910941309122
            },
            "Getafe CF": {
                "id_api": 82,
                "att_h": 0.5387669861615305,
                "def_h": 0.7472648613430998,
                "att_a": 0.7293103456101787,
                "def_a": 0.6199913736457721
            },
            "Athletic Club": {
                "id_api": 77,
                "att_h": 0.7934583283209107,
                "def_h": 0.9991212576411551,
                "att_a": 0.8766344560036171,
                "def_a": 1.2264266205002445
            },
            "Sevilla FC": {
                "id_api": 559,
                "att_h": 0.7462380401442444,
                "def_h": 1.1956575072385596,
                "att_a": 0.8847974868477293,
                "def_a": 1.260475684300919
            },
            "RCD Espanyol de Barcelona": {
                "id_api": 80,
                "att_h": 0.5761873999868978,
                "def_h": 1.1477750238509432,
                "att_a": 0.9322829138052791,
                "def_a": 1.151556505075348
            },
            "Club Atlético de Madrid": {
                "id_api": 78,
                "att_h": 1.3440891971726188,
                "def_h": 0.9732582277671781,
                "att_a": 1.045714820788912,
                "def_a": 0.9732247028088467
            },
            "Elche CF": {
                "id_api": 285,
                "att_h": 1.072313923641355,
                "def_h": 1.0619180665250314,
                "att_a": 0.9174835445422143,
                "def_a": 1.2551486538438583
            },
            "Real Betis Balompié": {
                "id_api": 90,
                "att_h": 0.940123716057364,
                "def_h": 0.9076345407393662,
                "att_a": 1.1635366950293553,
                "def_a": 0.9218595633312191
            },
            "Real Madrid CF": {
                "id_api": 86,
                "att_h": 1.427861277904194,
                "def_h": 0.8431611880910432,
                "att_a": 1.43982688463034,
                "def_a": 0.6657075034165658
            },
            "CA Osasuna": {
                "id_api": 79,
                "att_h": 1.0854176114751428,
                "def_h": 1.006964117729017,
                "att_a": 0.6934549882079233,
                "def_a": 0.830505553728369
            }
        }
    },
    "last_update": "2026-04-30 18:30:58",
    "time_decay_lambda": 0.007,
    "xg_weight": 0.6,
    "xg_cobertura_pct": 0.0
}