{
    "LaLiga": {
        "averages": {
            "league_home": 1.6960916561101833,
            "league_away": 1.2028537901796472
        },
        "teams": {
            "Girona FC": {
                "id_api": 298,
                "att_h": 0.8575636326604547,
                "def_h": 1.2523006083462043,
                "att_a": 0.9574834152079509,
                "def_a": 0.9225436983557946
            },
            "Rayo Vallecano de Madrid": {
                "id_api": 87,
                "att_h": 1.040687015035608,
                "def_h": 0.8519631341587497,
                "att_a": 0.8273787511496956,
                "def_a": 1.116352859872797
            },
            "Villarreal CF": {
                "id_api": 94,
                "att_h": 1.2791969415462752,
                "def_h": 1.0317623755902796,
                "att_a": 1.0828748258500245,
                "def_a": 0.8125830064295168
            },
            "Real Oviedo": {
                "id_api": 1048,
                "att_h": 0.39496523020387403,
                "def_h": 0.749104750133965,
                "att_a": 1.0882530169689322,
                "def_a": 1.2772467805881071
            },
            "RCD Mallorca": {
                "id_api": 89,
                "att_h": 1.0361772383247232,
                "def_h": 1.0926637357369564,
                "att_a": 0.6519796999762655,
                "def_a": 1.1891489540893145
            },
            "FC Barcelona": {
                "id_api": 81,
                "att_h": 1.7095025917333204,
                "def_h": 0.7093981823969705,
                "att_a": 2.100684426037583,
                "def_a": 0.8005021012599083
            },
            "Deportivo Alavés": {
                "id_api": 263,
                "att_h": 0.8651024261326401,
                "def_h": 1.0217251557294273,
                "att_a": 1.1191844455024607,
                "def_a": 1.0594509790430633
            },
            "Levante UD": {
                "id_api": 88,
                "att_h": 0.972104117580966,
                "def_h": 1.0941111114976283,
                "att_a": 0.8345276162450428,
                "def_a": 1.0830635585267019
            },
            "Valencia CF": {
                "id_api": 95,
                "att_h": 0.9570908330805478,
                "def_h": 1.0133643937314403,
                "att_a": 0.9520616524355939,
                "def_a": 0.9191007239812315
            },
            "Real Sociedad de Fútbol": {
                "id_api": 92,
                "att_h": 1.1907321933927209,
                "def_h": 1.1190900397932848,
                "att_a": 1.1432515572054789,
                "def_a": 1.186269065962827
            },
            "RC Celta de Vigo": {
                "id_api": 558,
                "att_h": 0.8762228491012376,
                "def_h": 1.3039931086890335,
                "att_a": 1.086592009576393,
                "def_a": 0.7950972134877455
            },
            "Getafe CF": {
                "id_api": 82,
                "att_h": 0.5181019203141022,
                "def_h": 0.7881756557390962,
                "att_a": 0.737010970496631,
                "def_a": 0.9076148412733874
            },
            "Athletic Club": {
                "id_api": 77,
                "att_h": 0.8341225343950898,
                "def_h": 0.8577528597565336,
                "att_a": 1.001573950230899,
                "def_a": 1.102582157472537
            },
            "Sevilla FC": {
                "id_api": 559,
                "att_h": 0.7125976805494093,
                "def_h": 1.1489610102701138,
                "att_a": 0.7315533036095486,
                "def_a": 1.1461209146584013
            },
            "RCD Espanyol de Barcelona": {
                "id_api": 80,
                "att_h": 0.7010561018985203,
                "def_h": 1.2453858477296327,
                "att_a": 0.8988287183127447,
                "def_a": 1.1352060043275967
            },
            "Club Atlético de Madrid": {
                "id_api": 78,
                "att_h": 1.2956563577779934,
                "def_h": 0.9046204691642435,
                "att_a": 0.9121147567260879,
                "def_a": 1.01871550175476
            },
            "Elche CF": {
                "id_api": 285,
                "att_h": 1.0696337281878505,
                "def_h": 1.3511495684370456,
                "att_a": 0.8375800281326269,
                "def_a": 1.1746225763181335
            },
            "Real Betis Balompié": {
                "id_api": 90,
                "att_h": 1.015127980854662,
                "def_h": 0.8768427900814831,
                "att_a": 0.9990507122964525,
                "def_a": 0.8590028770957792
            },
            "Real Madrid CF": {
                "id_api": 86,
                "att_h": 1.4059643724704312,
                "def_h": 0.8572522218696539,
                "att_a": 1.3986823601777996,
                "def_a": 0.693122640671471
            },
            "CA Osasuna": {
                "id_api": 79,
                "att_h": 1.121794862228757,
                "def_h": 0.8640552095440318,
                "att_a": 0.7441497577650102,
                "def_a": 0.8616313328114462
            }
        }
    },
    "last_update": "2026-04-30 20:32:09",
    "meta": {
        "partidos_con_xg": 297,
        "partidos_sin_xg": 33,
        "xg_weight": 0.6,
        "time_decay_lambda": 0.007
    }
}