{
    "LaLiga": {
        "averages": {
            "league_home": 1.665217938444654,
            "league_away": 1.1853828526992571
        },
        "teams": {
            "Girona FC": {
                "id_api": 298,
                "att_h": 0.8689115487643513,
                "def_h": 1.2631874569656527,
                "att_a": 0.9325948305138274,
                "def_a": 0.9451275474408322
            },
            "Rayo Vallecano de Madrid": {
                "id_api": 87,
                "att_h": 1.0393877715436728,
                "def_h": 0.8451582229616181,
                "att_a": 0.8488541652485512,
                "def_a": 1.1237967068986674
            },
            "Villarreal CF": {
                "id_api": 94,
                "att_h": 1.3029136961524597,
                "def_h": 1.046969155338704,
                "att_a": 1.0830673764221386,
                "def_a": 0.8076280561675717
            },
            "Real Oviedo": {
                "id_api": 1048,
                "att_h": 0.40228802244835626,
                "def_h": 0.7601455393828156,
                "att_a": 1.10429239224673,
                "def_a": 1.3009273785342925
            },
            "RCD Mallorca": {
                "id_api": 89,
                "att_h": 1.044969017936236,
                "def_h": 1.0859171517180697,
                "att_a": 0.6615889975553816,
                "def_a": 1.21119618780162
            },
            "FC Barcelona": {
                "id_api": 81,
                "att_h": 1.7072478104669948,
                "def_h": 0.6967536615632715,
                "att_a": 2.1383138552784624,
                "def_a": 0.8090467921669862
            },
            "Deportivo Alavés": {
                "id_api": 263,
                "att_h": 0.8834804833376447,
                "def_h": 1.0398454173869143,
                "att_a": 1.0830023420654953,
                "def_a": 1.0567851742558019
            },
            "Levante UD": {
                "id_api": 88,
                "att_h": 0.8064305207405335,
                "def_h": 0.9609274038123246,
                "att_a": 0.6638098645823975,
                "def_a": 0.92167136539945
            },
            "Valencia CF": {
                "id_api": 95,
                "att_h": 0.9640753568747729,
                "def_h": 1.0126290411995407,
                "att_a": 1.012869273130112,
                "def_a": 0.8975114040672754
            },
            "Real Sociedad de Fútbol": {
                "id_api": 92,
                "att_h": 1.1772251042429684,
                "def_h": 1.1189798124677173,
                "att_a": 1.1421496274220537,
                "def_a": 1.2037983776329317
            },
            "RC Celta de Vigo": {
                "id_api": 558,
                "att_h": 0.892468324381491,
                "def_h": 1.3232122006683786,
                "att_a": 1.1038821468856579,
                "def_a": 0.806985827583817
            },
            "Getafe CF": {
                "id_api": 82,
                "att_h": 0.5295233028288173,
                "def_h": 0.7955925848483951,
                "att_a": 0.731138332036715,
                "def_a": 0.8291346860575962
            },
            "Athletic Club": {
                "id_api": 77,
                "att_h": 0.882154427146331,
                "def_h": 0.9607158340199846,
                "att_a": 0.9973198382787026,
                "def_a": 1.102894290862031
            },
            "Sevilla FC": {
                "id_api": 559,
                "att_h": 0.6878989569994117,
                "def_h": 1.2090273676141066,
                "att_a": 0.7163839290181792,
                "def_a": 1.2002835665458096
            },
            "RCD Espanyol de Barcelona": {
                "id_api": 80,
                "att_h": 0.6695864047101814,
                "def_h": 1.1622971119519634,
                "att_a": 0.8957309150249162,
                "def_a": 1.1526528240538743
            },
            "Club Atlético de Madrid": {
                "id_api": 78,
                "att_h": 1.3191819762804302,
                "def_h": 0.912313774494023,
                "att_a": 0.9028345538164181,
                "def_a": 1.0267953332487816
            },
            "Elche CF": {
                "id_api": 285,
                "att_h": 1.0941598653255058,
                "def_h": 1.35958052374804,
                "att_a": 0.8971084154972072,
                "def_a": 1.190391952234463
            },
            "Real Betis Balompié": {
                "id_api": 90,
                "att_h": 1.0339488054156554,
                "def_h": 0.8897662649999541,
                "att_a": 1.011252010955823,
                "def_a": 0.8838960776588926
            },
            "Real Madrid CF": {
                "id_api": 86,
                "att_h": 1.420255953594742,
                "def_h": 0.8461433349371015,
                "att_a": 1.4183020796188563,
                "def_a": 0.6981089020742017
            },
            "CA Osasuna": {
                "id_api": 79,
                "att_h": 1.146994501473721,
                "def_h": 0.863318875659534,
                "att_a": 0.755117517138579,
                "def_a": 0.877606276322949
            }
        }
    },
    "last_update": "2026-05-01 04:36:57",
    "meta": {
        "partidos_con_xg": 266,
        "partidos_sin_xg": 0,
        "partidos_sin_understat": 64,
        "xg_weight": 0.6,
        "time_decay_lambda": 0.007
    }
}